"","OLS_best","OLS_hybrid","SP_best","SP_hybrid","DLasso_best","DLasso_hybrid","OLS_prct_diff","SP_prct_diff","DL_prct_diff","OLS_abs_diff","SP_abs_diff","DL_abs_diff","n"
"1",5.52735528501328,5.1309274055157,4.51160297517774,4.47981126893812,5.50095238894705,5.22637470203218,0.0717210779941081,0.00704665424119442,0.0499145725141281,0.396427879497583,0.0317917062396216,0.274577686914864,1000
"2",6.32517553556868,6.19019815119603,4.97090227463837,4.97090234067292,6.5615105265938,6.38958166473466,0.0213397056909539,-1.3284217267424e-08,0.0262026344638657,0.134977384372657,-6.60345458314282e-08,0.171928861859144,1000
"3",6.6519618004786,6.58489436934838,4.68211832147153,4.68211834018463,6.12413005249616,5.88969464462747,0.0100823536186566,-3.99671649231602e-09,0.0382806057120117,0.0670674311302211,-1.87130995144003e-08,0.234435407868687,1000
"4",5.57780090837722,4.1735964157979,5.06287837974588,5.06287846316138,5.72762637811776,4.09460455547324,0.251748765444525,-1.6475904948288e-08,0.285113189101063,1.40420449257931,-8.34155029494354e-08,1.63302182264453,1000
"5",6.21773686949591,5.66083922021342,5.52205020139178,5.52205031449721,5.79065974594216,5.67533510181815,0.0895659724705665,-2.04825077648829e-08,0.0199156312378433,0.556897649282497,-1.1310543612808e-07,0.115324644124008,1000
"6",6.81845275322114,3.33128038645333,6.11520391036713,6.01684648461941,6.05605260851911,4.46185547249714,0.51143162429635,0.0160840794827753,0.263240305042826,3.48717236676781,0.0983574257477233,1.59419713602197,1000
"7",6.0659667795224,2.68450078769288,5.29501121675933,5.26572651124379,6.14927854946828,5.43599600019199,0.557448814794822,0.00553062199808968,0.115994509524693,3.38146599182953,0.0292847055155407,0.713282549276291,1000
"8",5.22752615853283,4.62733847820522,5.08063063699383,5.08063109269061,5.69444537866106,5.38757259906125,0.114812946339433,-8.96929562886572e-08,0.0538898451374671,0.60018768032761,-4.556967816427e-07,0.30687277959981,1000
"9",5.27373311268721,2.85239110432157,5.20265713187364,5.1937080384479,5.65958237966223,3.93922269460215,0.459132450699966,0.00172010055610013,0.303972902884533,2.42134200836564,0.00894909342573413,1.72035968506008,1000
"10",6.74487323539473,5.82120465409496,5.4393292866764,5.4393292866864,5.9714668776537,5.52897822973542,0.136943801471714,-1.83699252150477e-12,0.0741004943984784,0.923668581299775,-9.99200722162641e-12,0.442488647918277,1000
"11",6.18027961001028,5.47544250293069,5.18236219949962,5.18236206968425,5.88950724737229,5.30890576850838,0.114046151882505,2.504945979545e-08,0.0985823523900005,0.704837107079583,1.29815373561826e-07,0.580601478863917,1000
"12",5.25658986963872,3.52507949005364,5.0331305653213,5.03313100160385,5.53807474606152,4.68902993863742,0.329398036089144,-8.66821428284601e-08,0.153310463718084,1.73151037958508,-4.36282542537469e-07,0.849044807424101,1000
"13",5.60732821014789,2.3407604100856,5.36788769966505,5.23964817171497,5.47804825738444,3.08300112276134,0.582553344059762,0.0238901286921637,0.437208111738439,3.26656780006229,0.128239527950081,2.3950471346231,1000
"14",5.32865266364226,0.550076556655942,5.42765467109967,5.42214541714744,5.99504248701134,2.76925784789735,0.896770048382183,0.00101503398540864,0.538075359115948,4.77857610698632,0.00550925395222812,3.22578463911399,1000
"15",4.80300757442543,1.58157146236518,4.68415778043677,4.68251337569262,5.01783235810682,2.48260565613957,0.670712269789752,0.000351056651213201,0.505243404130736,3.22143611206025,0.00164440474415439,2.53522670196725,1000
"16",5.65218322478735,5.55271933031722,4.77064998491365,4.77064998408246,5.97393772989852,5.92676296270754,0.0175974292613042,1.74230905909575e-10,0.00789676245784641,0.0994638944701256,8.31194668649005e-10,0.0471747671909748,1000
"17",6.30097873458547,3.79821644319792,4.82029265088584,4.82029263116849,5.37851640798434,4.02032660176647,0.397202148556721,4.09048934912786e-09,0.252521272260441,2.50276229138756,1.97173557481278e-08,1.35818980621786,1000
"18",6.4006379148945,3.01174441574908,4.93188903671243,4.93188903325373,6.06310410530053,4.25077040518328,0.529461835555384,7.01293689266791e-10,0.298911855815383,3.38889349914543,3.4587026576105e-09,1.81233370011725,1000
"19",3.89132190210626,-0.134488624745529,4.44209682193895,4.4420968202469,4.8407031619174,2.50304706219541,1.0345611666495,3.8091206632648e-10,0.482916638663719,4.02581052685179,1.69204827926706e-09,2.33765609972199,1000
"20",6.2206572617931,5.97845495875683,4.68855335399733,4.54134067860254,6.0395056263644,5.99227972080167,0.0389351627719254,0.0313983150622109,0.00781949856236077,0.242202303036274,0.147212675394794,0.0472259055627262,1000
"21",5.76252588752728,5.67705807258532,5.72877910593739,5.72877924048986,6.12584669356844,6.0846115590241,0.0148316583057703,-2.34871109551613e-08,0.0067313363534923,0.0854678149419605,-1.34552470498761e-07,0.0412351345443378,2000
"22",4.50832988000803,1.70808889108141,5.19753336591514,5.19753335468118,5.74439852805495,4.08604447064246,0.62112601860484,2.16140312693952e-09,0.288690634765902,2.80024098892662,1.12339648694615e-08,1.6583540574125,2000
"23",5.85285850154283,5.09604838293215,4.69522140093867,4.69522140039988,5.49642427586248,4.97007344460277,0.129306067866015,1.14752159046382e-10,0.0957624093123926,0.756810118610677,5.3878679295849e-10,0.526350831259714,2000
"24",5.49683622794855,4.19515668937125,4.80393417008985,4.80393377138288,5.21988977554106,4.92896257193811,0.236805224787112,8.29959268085492e-08,0.0557343576422155,1.30167953857729,3.98706968773865e-07,0.29092720360295,2000
"25",5.53220101738003,4.28685241383176,5.01699745360519,5.01699733863775,5.48931525954193,4.63586110132873,0.225109065927986,2.29155866782187e-08,0.155475522512514,1.24534860354827,1.14967440012492e-07,0.853454158213197,2000
"26",5.04113270050913,4.74895181131999,5.1773199026924,5.17731990546087,5.75294838281482,5.63853362392324,0.0579593727337562,-5.3473082875741e-10,0.0198880211116374,0.292180889189136,-2.76847256230894e-09,0.114414758891582,2000
"27",5.68226236268878,5.22913725046332,4.95717026489184,4.95717050050641,5.79763298737739,5.6413441960385,0.0797437857147892,-4.75300545663943e-08,0.0269573447783178,0.453125112225466,-2.35614573185217e-07,0.156288791338881,2000
"28",6.51514143855296,6.42556822821264,5.04767979195853,5.0476802061387,6.27015768166624,6.2290919618364,0.0137484675022212,-8.20535738554222e-08,0.00654939188370167,0.08957321034032,-4.14180166607991e-07,0.0410657198298345,2000
"29",5.25057869954611,4.43448371646733,4.99680022327503,4.9968002207925,5.65347730463063,5.22938867735927,0.155429530681889,4.96824425820964e-10,0.0750137666465907,0.816094983078777,2.48253240187069e-09,0.424088627271359,2000
"30",5.12929769611781,3.44409559887948,4.8032666472786,4.80326664698955,5.23595581929713,4.50386476992592,0.328544412330327,6.01786524055451e-11,0.139819943986749,1.68520209723833,2.89054113977727e-10,0.732091049371217,2000
"31",4.83077613921029,4.08066428009884,4.85606474385131,4.85606487452045,5.38184763263903,5.10390969199786,0.155277710557309,-2.6908443166587e-08,0.0516435914973828,0.750111859111451,-1.3066914217319e-07,0.277937940641166,2000
"32",5.39335038709756,4.86684738888053,5.28150198945297,5.28150198978009,5.71836408068243,5.42332933544322,0.0976207663934786,-6.19365265762736e-11,0.0515942568672559,0.526502998217028,-3.27117888332396e-10,0.295034745239219,2000
"33",5.71874484802634,3.23852302432736,5.33693567010973,5.3369359264826,5.58440733844049,3.79374244853116,0.433700381746347,-4.80374655476821e-08,0.320654418882236,2.48022182369898,-2.56372863383092e-07,1.79066488990933,2000
"34",5.70990114353647,5.05945217962408,5.13800629419028,5.13800612073848,5.57792284579115,5.24723876618007,0.113915976399817,3.3758580596927e-08,0.0592844484861598,0.65044896391239,1.73451799589941e-07,0.330684079611079,2000
"35",4.76294736576245,1.84995424674102,5.02750218456549,4.99468017352294,5.45464260085228,4.57610051543879,0.611594648297172,0.00652849264657016,0.161063180432064,2.91299311902143,0.0328220110425512,0.878542085413493,2000
"36",5.03993889225506,3.9082236463004,5.14359931926393,5.14359932019085,5.55363763042835,5.05773828281692,0.224549398345639,-1.80208413730343e-10,0.08929270878143,1.13171524595466,-9.26919874189025e-10,0.49589934761143,2000
"37",6.34109198969196,6.19457128346747,5.48264289204624,5.48264310317235,6.35932330559311,6.30582068534132,0.0231065416591769,-3.85080919451528e-08,0.00841325683264762,0.14652070622449,-2.11126116589355e-07,0.0535026202517965,2000
"38",6.45196189293598,4.2198806191009,5.09956995808266,5.0995699681199,5.56628459250824,4.06429749982979,0.345953883620872,-1.96825179184784e-09,0.269836561123735,2.23208127383507,-1.00372377076496e-08,1.50198709267845,2000
"39",5.16501982650269,4.6689875982532,4.80621662314271,4.80621661247599,5.55521761827477,5.42605681452878,0.0960368488237449,2.2193598892916e-09,0.0232503589636337,0.496032228249484,1.06667243926495e-08,0.12916080374599,2000
"40",4.7284919133238,4.33178278552425,5.12782644864916,5.127826250443,5.65773555281984,5.43658382123434,0.0838976009838817,3.86530547321411e-08,0.0390883825376543,0.396709127799552,1.98206156376557e-07,0.221151731585509,2000
"41",5.59423296188594,5.21875275176846,5.2732161555418,5.27321596539672,5.81247885069485,5.52438781992213,0.0671191587257206,3.60586541215911e-08,0.0495642286488985,0.37548021011748,1.90145077461068e-07,0.288091030772726,3000
"42",6.13915394738004,5.73421082765089,5.0698688389769,5.06986908762301,5.53302811680554,5.40868852699063,0.0659607371308824,-4.90438934726865e-08,0.0224722497681252,0.404943119729154,-2.48646107259276e-07,0.124339589814913,3000
"43",5.65173848870105,4.5801356092122,4.84177720054888,4.8417774855841,5.50748079269136,4.88387053951117,0.189605885274274,-5.88699561395193e-08,0.113229673720832,1.07160287948885,-2.85035211433637e-07,0.623610253180193,3000
"44",6.06477614613909,5.13004237080062,5.4016722693274,5.40167226885972,5.72208976896507,5.39257512725856,0.154125025032217,8.65807812313595e-11,0.0575864159792985,0.934733775338477,4.67681005034137e-10,0.329514641706511,3000
"45",5.00852791149804,4.14191697709747,4.80506322342081,4.78711150220722,5.13444793094821,4.606160505262,0.173027074963703,0.00373600104283652,0.102890794256949,0.866610934400573,0.0179517212135956,0.528287425686212,3000
"46",5.3773904033634,3.50303994161183,4.95875550557035,4.95875555238568,5.32078390796964,4.02921996397113,0.348561350609622,-9.44094272721384e-09,0.242739409518955,1.87435046175156,-4.6815326726346e-08,1.29156394399851,3000
"47",5.75319988072234,5.54349467833925,4.97698700478173,4.38050579389659,5.26449627416844,5.1293252160395,0.0364501854152102,0.119847853794286,0.0256759718479034,0.209705202383095,0.59648121088514,0.135171058128941,3000
"48",5.7159064783392,5.03981586560493,4.94460307045417,4.94460295295416,5.4227448064305,5.12533384003055,0.118282308378621,2.37632847239606e-08,0.0548450972738506,0.676090612734273,1.17500010610172e-07,0.297410966399949,3000
"49",5.38861543853087,5.31221567504463,4.95804368493281,4.95804368667091,5.71348238388943,5.69679670813701,0.0141779951376647,-3.50563154785801e-10,0.00292040381527613,0.0763997634862355,-1.73810743575586e-09,0.0166856757524236,3000
"50",5.12632089196984,4.65458866693485,4.82607725307668,4.8260772188256,5.38211127076447,5.11556677403226,0.0920215950144555,7.09708457237988e-09,0.0495241520144843,0.471732225034991,3.4251078417924e-08,0.266544496732209,3000
"51",4.704115750241,2.72410013447213,4.7924911632039,4.79249116319981,5.11124784169915,3.85868458484038,0.420911329757869,8.53060574690044e-13,0.245060168407404,1.98001561576888,4.08828526587968e-12,1.25256325685878,3000
"52",5.02939460035097,3.40584515185,4.95235502533212,4.95235458216845,5.46613391744495,5.02237465475609,0.322812103148094,8.94854398107056e-08,0.0811833865380844,1.62354944850097,4.43163667540603e-07,0.443759262688867,3000
"53",4.64761918297465,4.32419215560699,4.9593412852247,4.95934128601695,5.39061933864538,5.22994610512163,0.0695898296814967,-1.59748822990648e-10,0.0298060804204603,0.323427027367662,-7.92248933123574e-10,0.160673233523752,3000
"54",5.36741523273874,4.84371764999343,4.95470568674432,4.95470564884434,5.46993364581718,5.22637520905424,0.0975697910515659,7.64928969574101e-09,0.0445267625776769,0.523697582745311,3.78999791550427e-08,0.243558436762949,3000
"55",5.30128645332028,2.87026263223944,4.90574909547261,4.90574926504566,5.19265865205269,3.922221749344,0.458572431896838,-3.45661885162983e-08,0.244660199685276,2.43102382108085,-1.69573048047766e-07,1.27043690270869,3000
"56",5.58448015413926,5.50745465881867,4.94804410696926,4.94804410714364,5.91649010451235,5.90014188495773,0.0137927780553572,-3.52419521542612e-11,0.00276316181821218,0.0770254953205898,-1.74378733674985e-10,0.0163482195546187,3000
"57",5.57939144532274,4.29509506848763,4.77272946817061,4.77272944362222,5.11920689184446,4.41627102490169,0.230185745062169,5.14346982186144e-09,0.137313431903414,1.28429637683511,2.45483899874444e-08,0.702935866942772,3000
"58",5.05964495731933,4.46441238102011,4.82132509069064,4.81156236560327,5.4671861508006,5.20329481416486,0.117643151114418,0.00202490495947387,0.0482682186698731,0.595232576299219,0.0097627250873753,0.263891336635745,3000
"59",5.20180803380259,3.8104734473191,5.20157325658254,5.20157321095893,5.5830412146432,4.61993162152921,0.267471344086954,8.77111741553645e-09,0.172506266045098,1.39133458648349,4.56236097789997e-08,0.963109593113989,3000
"60",5.76501947031154,5.25035994748381,4.78709114794308,4.78709145331994,5.49381432098978,5.2782522056351,0.0892728160725396,-6.37917372471087e-08,0.0392372407875355,0.514659522827732,-3.05376860687545e-07,0.215562115354687,3000
"61",5.98181304260465,5.93275969435862,4.94301481056769,4.94301488440576,5.83931168364647,5.82343998648465,0.00820041480679104,-1.49378613478429e-08,0.00271807672234207,0.0490533482460309,-7.3838069880594e-08,0.0158716971618196,4000
"62",4.99323856288448,4.54051103918698,4.80335231908471,4.79183797713866,5.09959298873234,4.87046016698293,0.0906681140898597,0.00239714707170175,0.044931590080952,0.452727523697497,0.0115143419460457,0.229132821749419,4000
"63",4.8809239836559,3.14944920507867,4.83616468069724,4.83616459669659,5.17532500333413,3.92660308787593,0.35474323803755,1.73692694258545e-08,0.241283767619178,1.73147477857723,8.40006473268318e-08,1.2487219154582,4000
"64",5.02868580953036,4.38845424785572,4.85243553709539,4.85243553654233,5.13486751612945,4.88609632339085,0.127315880515199,1.13975351053769e-10,0.0484474413326475,0.640231561674644,5.53058043806232e-10,0.248771192738599,4000
"65",5.72236184007357,4.32924233054216,4.9181542031062,4.91815420780146,5.31372482641094,4.62290416635054,0.243451838325815,-9.54678431350583e-10,0.13000685632549,1.3931195095314,-4.69525573976171e-09,0.690820660060399,4000
"66",4.87343447115045,3.11766634529333,4.58771466262247,4.58771476581,5.01022533347845,3.67469101709157,0.360273260315869,-2.24921421902911e-08,0.266561726767617,1.75576812585711,-1.03187530520188e-07,1.33553431638688,4000
"67",6.06789623863232,4.22637304541007,4.99882094418836,4.99882094459691,5.24805808091938,4.00726059892663,0.303486269507688,-8.17295557257365e-11,0.236429830398406,1.84152319322226,-4.08551414921021e-10,1.24079748199275,4000
"68",5.70248461094264,5.55900835226046,4.69770713498583,4.69770713546674,5.33793908028504,5.29856508130247,0.025160306159679,-1.02370929566298e-10,0.00737625484112273,0.143476258682175,-4.80908646238731e-10,0.0393739989825708,4000
"69",5.29766079553119,3.12248077025945,4.92636587437668,4.92636588534799,5.23314283804834,3.9112983758531,0.410592544374791,-2.22706043426642e-09,0.252590938772888,2.17518002527173,-1.09713145235446e-08,1.32184446219524,4000
"70",5.07996833268189,3.58562760030378,4.93932314802386,4.93932309960646,5.43208009232789,4.39866680083516,0.294163395225182,9.80243580746004e-09,0.190242646265893,1.49434073237811,4.84173980908054e-08,1.03341329149273,4000
"71",5.43270101869282,5.08379116415433,5.13568198603225,5.13568191424161,5.49942756835615,5.36781303222116,0.0642240118383037,1.39787933968731e-08,0.0239324065094172,0.348909854538492,7.17906374347876e-08,0.131614536134995,4000
"72",4.90985931071679,3.70120752847385,4.90966924512762,4.90966924523514,5.1710302667408,4.48881657737845,0.246168312726355,-2.19002287365088e-11,0.131929935461842,1.20865178224294,-1.07522879488897e-10,0.682213689362348,4000
"73",6.0623778408396,4.48516191210781,5.03023269049918,5.03023277701877,5.66635604592168,4.98142627911877,0.260164570757496,-1.71999176304301e-08,0.120876584749008,1.57721592873179,-8.65195879384828e-08,0.684929766802904,4000
"74",5.3242208794146,3.72568709033817,5.16794578463026,5.1679457841107,5.38319600272509,4.49342879297626,0.300238067743762,1.00536046090993e-10,0.165286051129927,1.59853378907643,5.1956483559934e-10,0.889767209748838,4000
"75",6.15995167879706,6.14106887255476,5.17744523497637,5.17744523062692,6.14178470942029,6.13918487873997,0.0030654146699386,8.40077455380514e-10,0.000423302151300027,0.0188828062422974,4.34945501837092e-09,0.00259983068031922,4000
"76",5.84828995910163,5.72467090006605,5.0507962529152,5.05079624493327,5.59128573443984,5.56456728611905,0.0211376419261153,1.58033062664762e-09,0.00477858753599696,0.123619059035586,7.98192800743891e-09,0.0267184483207918,4000
"77",5.48293176076486,4.25873848547298,4.99578102399929,4.99578102196404,5.29813729072855,4.83524253470365,0.223273483732196,4.07394328406286e-10,0.0873693395667441,1.22419327529187,2.03525285513706e-09,0.462894756024892,4000
"78",5.54831795918013,4.51400141537894,4.96766331748537,4.96766331784351,5.15951670441257,4.63991789846085,0.186419839564139,-7.20948312761728e-11,0.100706875414773,1.03431654380119,-3.58142848710941e-10,0.519598805951716,4000
"79",5.65022736716775,5.21963550468853,5.00755768944598,5.00755797647756,5.36001972946234,5.18995123174003,0.0762078823555489,-5.73196754615269e-08,0.0317290805456355,0.430591862479223,-2.87031581613917e-07,0.170068497722306,4000
"80",5.25233093186247,3.32388219564417,4.8863422855967,4.8863422878762,5.09846174027703,3.88449338344702,0.367160554282606,-4.66503484625882e-10,0.238104828215117,1.9284487362183,-2.27949570330566e-09,1.21396835683001,4000
"81",5.33566948862017,4.81149142783282,4.9240113950213,4.92401155664217,5.23634375558518,4.89791268741112,0.0982403542620678,-3.28230072225879e-08,0.0646311785419129,0.524178060787352,-1.6162086158289e-07,0.338431068174057,5000
"82",5.67340465177153,3.95612302537579,4.80436667156022,4.80436696960705,5.1993427050002,4.16914339917598,0.302689783613358,-6.20366546676277e-08,0.198140296625087,1.71728162639574,-2.98046836100241e-07,1.03019930582422,5000
"83",5.62812162811659,5.42677159211042,4.90004609399101,4.90004609388608,5.21908990996671,5.1563487547411,0.0357757080089169,2.1414505297677e-11,0.0120214743006813,0.201350036006169,1.04932063038632e-10,0.0627411552256101,5000
"84",5.21560303626993,4.54354716681126,5.04847757978934,5.04847757954726,5.19720064500391,4.89200036396072,0.128854873498829,4.79525233732118e-11,0.0587239750569542,0.672055869458672,2.42087239143984e-10,0.305200281043196,5000
"85",4.76164629560999,3.03312093113592,4.99809105523897,4.99809104537415,5.35408719786267,4.34070099399414,0.36301002996961,1.97371578090818e-09,0.189273384317138,1.72852536447407,9.86481119014115e-09,1.01338620386853,5000
"86",5.47177909989997,5.20022316835895,5.20420045044967,5.20420045043624,5.53029381155091,5.42472753236208,0.0496284529369953,2.58012378210111e-12,0.0190887288788056,0.271555931541021,1.34274813490265e-11,0.105566279188832,5000
"87",5.47566296674543,4.26808139008445,5.04309368308548,5.04309371882563,5.43443933071504,5.05556590989683,0.22053614037146,-7.08694952755505e-09,0.0697171129829074,1.20758157666098,-3.57401503947585e-08,0.378873420818216,5000
"88",5.53821049089311,5.3006486909369,4.94248339220637,4.94248339211032,5.23277275809849,5.15238797494614,0.0428950471179896,1.94339662020779e-11,0.0153617951454011,0.237561799956204,9.605205519847e-11,0.0803847831523443,5000
"89",6.29569026509194,5.41245248917846,4.89943095823157,4.8994309543848,5.39840689766088,5.09785014574944,0.140292444310804,7.85146647190084e-10,0.0556750829659885,0.88323777591348,3.84677178999482e-09,0.300556751911434,5000
"90",5.43529429729599,3.92086307946751,5.06144826082693,5.0614482301479,5.40051211803036,4.5668401488334,0.278629110953918,6.06131507558431e-09,0.154369058151659,1.51443121782848,3.06790326476403e-08,0.833671969196967,5000
"91",5.80897656742044,5.76748990648647,4.76662355143518,4.76662355465673,5.56620181048002,5.55948624806295,0.00714181929509716,-6.75855792471045e-10,0.00120648920857215,0.0414866609339706,-3.22155013776637e-09,0.00671556241707894,5000
"92",5.09337920368675,4.16600156808839,4.98467988678954,4.98467988578658,5.29559590308102,4.85139873168316,0.182075121154752,2.01207158486529e-10,0.0838804885281045,0.927377635598359,1.00295327598587e-09,0.444197171397865,5000
"93",6.57112872495261,6.50545073232481,5.14252908778513,5.14252916680639,5.62785696350606,5.60732070033804,0.00999493319593712,-1.5366225313877e-08,0.00364903786666583,0.0656779926278048,-7.90212606460727e-08,0.0205362631680126,5000
"94",5.57097531555138,4.07530837035555,4.87191607581203,4.87191607581054,4.99667984600758,3.84492430520714,0.268474882848731,3.05726779086368e-13,0.230504170028166,1.49566694519583,1.48947520983711e-12,1.15175554080044,5000
"95",5.59893332384612,5.34861717158342,4.838363658507,4.83836370145607,5.33167209592554,5.26110008001971,0.0447078287567004,-8.87677464785354e-09,0.0132363758753583,0.250316152262696,-4.29490638609309e-08,0.0705720159058298,5000
"96",4.89738171281355,3.41209308942014,5.05181228415389,5.05181258392276,5.26427508266588,4.24295085673313,0.303282184336845,-5.93388767747194e-08,0.194010421168102,1.48528862339341,-2.99768866618422e-07,1.02132422593275,5000
"97",5.1449774371224,5.02963668850668,4.84916911171972,4.84916906581976,5.30848783106242,5.26166990968789,0.0224181252542538,9.46553149294017e-09,0.00881944592593254,0.115340748615719,4.58999629415757e-08,0.0468179213745259,5000
"98",5.38912062639143,5.07713069483009,5.048674899022,5.04867489901904,5.37872997515142,5.2232110933385,0.0578925493026583,5.86879382685858e-13,0.0289136808375552,0.311989931561339,2.96296320811962e-12,0.155518881812919,5000
"99",5.43617803775997,5.16055321328513,5.08844399322222,5.08844376912148,5.40356578869321,5.28241430762624,0.0507019495241586,4.40411139078767e-08,0.0224206543983378,0.275624824474845,2.24100741519351e-07,0.121151481066972,5000
"100",5.51551073304284,4.82918812160324,4.97766781746548,4.9776678168088,5.21511466378104,4.86370424708822,0.124435006050829,1.31923817002078e-10,0.067383066212016,0.686322611439599,6.56672938248448e-10,0.351410416692813,5000
"101",4.61579294105418,3.19532089679734,4.96895366436041,4.96895366390931,5.12379193000742,4.11608400984094,0.307741716839756,9.07837989174004e-11,0.196672295427309,1.42047204425684,4.51100490295175e-10,1.00770792016648,6000
"102",5.14702454601092,3.96742972294293,4.98449618899598,4.98449621302075,5.31633607664095,4.77378871721348,0.229179949021656,-4.8199010893023e-09,0.102052870925774,1.179594823068,-2.40247786109649e-08,0.542547359427473,6000
"103",5.04693200096675,4.6011739188355,4.80213966598492,4.80213966525464,4.95443707631283,4.711459395756,0.0883225852945648,1.52074398483401e-10,0.0490424394970132,0.445758082131254,7.30282501137935e-10,0.242977680556831,6000
"104",5.0661860439921,3.9957347940693,5.02574667745921,5.02574643757398,5.34170179805099,4.55170796155105,0.211293316239784,4.77312631143344e-08,0.147891789239935,1.07045124992281,2.39885237007798e-07,0.789993836499939,6000
"105",5.18304245521841,3.66470997298586,4.9940853082743,4.99408518513583,5.21467644483951,4.22491679215844,0.29294232014323,2.46568615644693e-08,0.189802696898011,1.51833248223255,1.2313847008727e-07,0.98975965268107,6000
"106",5.40667297554411,4.46928945248707,4.96107825887396,4.9610779480797,5.33638437814109,4.76703557829566,0.173375295176367,6.26465160043117e-08,0.106691864659824,0.937383523057047,3.10794268543191e-07,0.569348799845429,6000
"107",5.58857382715874,4.43178214635403,4.93121953585015,4.93121953505185,5.22187773370255,4.51476767389096,0.20699228758204,1.61888751591255e-10,0.135412986644214,1.1567916808047,7.98308974481188e-10,0.707110059811581,6000
"108",5.16741679620193,4.89075058780172,5.0886202046656,5.08862020492221,5.49495660448498,5.36635460205137,0.0535405250460074,-5.04267814724848e-11,0.0234036429566429,0.276666208400209,-2.56602739057143e-10,0.128602002433613,6000
"109",5.3659252309653,3.96462598694529,4.90015854277445,4.90015854924032,5.24700800785764,4.54440323181623,0.261147739430562,-1.31952344030308e-09,0.13390579450026,1.40129924402,-6.46587405839227e-09,0.702604776041406,6000
"110",5.29005262972775,5.20295998754554,4.98612462132199,4.98612486815393,5.44608232813757,5.4260364918806,0.0164634736699565,-4.95037646513792e-08,0.00368078098147645,0.0870926421822071,-2.46831939776371e-07,0.0200458362569638,6000
"111",5.25433951015095,5.23590186118272,4.91372924735936,4.91372928266659,5.62246996844895,5.62090184206934,0.00350903266387971,-7.1854247614207e-09,0.000278903469189487,0.0184376489682334,-3.5307231804893e-08,0.00156812637961412,6000
"112",5.84339037331498,5.55735960515333,4.77902890363066,4.77902906454485,5.23293278278442,5.10123067667261,0.0489494539792978,-3.36708978360284e-08,0.0251679338486983,0.286030768161654,-1.60914193969575e-07,0.131702106111803,6000
"113",5.07190260909437,3.79244389157689,5.09416242141374,5.09416244562336,5.30253442139739,4.62438814875812,0.252264054759902,-4.75242406576138e-09,0.127890970382528,1.27945871751747,-2.42096200864239e-08,0.678146272639268,6000
"114",5.33690875875306,4.22923858025276,5.09789562270206,5.09789557347219,5.22659362906866,4.68711977435658,0.20754901921147,9.65689946617257e-09,0.103217103337,1.1076701785003,4.9229865517475e-08,0.539473854712086,6000
"115",5.65703872340948,5.4541369474693,5.06757176757022,5.06757176874926,5.43270631720527,5.38561187625789,0.0358671357684988,-2.32664046450023e-10,0.00866868889971532,0.202901775940183,-1.17904175311878e-09,0.0470944409473706,6000
"116",5.15307372797569,3.69134711596948,5.12484390356359,5.12484390260358,5.30695105874298,4.3692710150911,0.283661109692764,1.87324353892806e-10,0.176689031662934,1.46172661200621,9.60008073036533e-10,0.93768004365188,6000
"117",5.57304025826081,5.4674538781481,4.87601087665659,4.87601087683108,5.23701891108677,5.18847075284832,0.0189459209371763,-3.57857143366204e-11,0.00927018959883336,0.10558638011271,-1.74491532334287e-10,0.0485481582384502,6000
"118",5.37380089221115,4.02643917574768,4.88715679388946,4.88715680033806,4.96511211559686,4.01075286714569,0.250727882087397,-1.3194998263419e-09,0.192213030890734,1.34736171646347,-6.44860254084278e-09,0.954359248451176,6000
"119",5.67794572597694,5.42387571727925,4.87922458176134,4.87922457706722,5.3904772553848,5.31274674859868,0.0447468188248629,9.62061563642532e-10,0.0144199674914625,0.254070008697695,4.69411443049239e-09,0.0777305067861169,6000
"120",5.52798450787958,4.10295365566474,5.1501402094556,5.15014020880725,5.42300876437424,4.43376437372295,0.257784885283886,1.25889051403572e-10,0.18241615192474,1.42503085221484,6.4834626556376e-10,0.989244390651289,6000
"121",5.03829901182512,4.86465079738563,4.86442219241648,4.86442219234232,5.15713313944769,5.07348439336073,0.0344656428750915,1.52461655855036e-11,0.0162200090292636,0.173648214439491,7.41637862233802e-11,0.0836487460869559,7000
"122",5.08219126029423,4.64783739386625,5.01355612482444,5.01355612383379,5.43127465777854,5.31242819220251,0.0854658638728284,1.97593082954056e-10,0.0218818736050892,0.434353866427985,9.9064401126725e-10,0.118846465576034,7000
"123",5.39368751570828,5.08781076555838,5.00638240846934,5.00638234728266,5.3924345659891,5.28290748490475,0.0567101355536593,1.2221734591196e-08,0.0203112489811475,0.305876750149896,6.11866770583447e-08,0.109527081084351,7000
"124",5.25010323876556,3.97846869819403,4.9016592005662,4.9016592012477,5.06375790934919,4.2763431403991,0.242211339994627,-1.39034592518306e-10,0.155500081766604,1.27163454057154,-6.81500189614326e-10,0.787414768950088,7000
"125",5.64120214601038,5.44967783223629,5.08533984718617,5.08533984643508,5.56426273490687,5.46841367871663,0.0339509751320549,1.4769778073053e-10,0.0172258322003623,0.191524313774093,7.51093409689929e-10,0.095849056190235,7000
"126",5.20072959653016,4.81516220666129,4.96706014354776,4.96706014434122,5.247225823408,5.03656485196317,0.0741371730085939,-1.59744652517883e-10,0.0401471136433783,0.385567389868871,-7.93461296666464e-10,0.21066097144483,7000
"127",5.51923698834722,4.98031871461269,5.006063993101,5.00606385996889,5.30094986396464,5.02484751237187,0.0976436190133437,2.65941689400418e-08,0.0520854485852975,0.53891827373453,1.33132111557188e-07,0.27610235159277,7000
"128",5.10418111506261,4.63207070180848,5.03213978747405,5.03213978761819,5.36723111535412,5.17541017091529,0.0924948395465287,-2.86429583424045e-11,0.0357392741836833,0.472110413254138,-1.44135370305776e-10,0.191820944438837,7000
"129",4.97614115907413,3.75809067729909,4.93320120327099,4.93320143068229,5.15452532309449,4.43687871574375,0.244778120804288,-4.60981193392488e-08,0.139226516966631,1.21805048177504,-2.27411297792912e-07,0.717646607350741,7000
"130",5.02445060863028,3.78251637866674,4.92992646207933,4.92992646135149,5.23893941229028,4.38521471137795,0.247178114922719,1.47636372138317e-10,0.162957544213918,1.24193422996354,7.27836457770081e-10,0.853724700912331,7000
"131",5.3292950348124,4.67627182748279,4.95917952666827,4.95917951188349,5.16652227942134,4.93889390272738,0.122534632266348,2.9812956823751e-09,0.0440583364172498,0.653023207329613,1.47847805109791e-08,0.227628376693962,7000
"132",5.49200655980904,5.20198489943499,4.9909209471241,4.99092095712072,5.35335193142082,5.23305360017492,0.0528079595709979,-2.00296019218789e-09,0.0224715902834304,0.290021660374051,-9.99661597944623e-09,0.120298331245899,7000
"133",4.94859110645381,4.64021182325816,4.96220738544481,4.96220750958192,5.23570358344949,5.11994603281204,0.0623165819445995,-2.5016509937285e-08,0.0221092635960843,0.308379283195645,-1.24137110368849e-07,0.115757550637448,7000
"134",4.95653477655425,3.77713717425683,5.01727833055734,5.01727809675318,5.13292723716766,4.45392199590129,0.23794801317168,4.65997986614626e-08,0.132284213255484,1.17939760229742,2.33804160032491e-07,0.679005241266369,7000
"135",5.53648966110392,4.24233098860737,4.76134732479067,4.76134725589434,5.08675904798648,4.21872751546235,0.233750761170663,1.44699215842092e-08,0.170645301720694,1.29415867249655,6.88963224249051e-08,0.868031532524123,7000
"136",5.48808304791795,5.43257122500615,4.95374810621912,4.95374810430962,5.49848221171404,5.47545206930656,0.0101149750153403,3.85465188803465e-10,0.0041884544717487,0.0555118229118028,1.90949744904856e-09,0.0230301424074844,7000
"137",4.8906111754314,4.22340146496462,5.06997830288567,5.06997844759702,5.39515848562692,5.14156875936169,0.136426652320798,-2.85427951737445e-08,0.0470032023972626,0.667209710466787,-1.44711352234594e-07,0.253589726265231,7000
"138",5.23159220953782,4.43029646257902,5.03172867766723,5.03172867756789,5.23541114648195,4.91691483193258,0.153164794744119,1.9743618737081e-11,0.0608350147940894,0.801295746958793,9.93445326002984e-11,0.31849631454937,7000
"139",5.47707342613727,5.08593299456965,5.08349902090557,5.08349886174392,5.34011475578695,5.20004025419993,0.0714141296154701,3.13094685553745e-08,0.0262306163805241,0.391140431567614,1.5916165274632e-07,0.140074501587024,7000
"140",5.39641510954777,5.18809102640658,5.05825676688281,5.05825705339519,5.34801130986312,5.26420129679169,0.038604162006107,-5.66425144123741e-08,0.0156712482856678,0.208324083141186,-2.86512381819648e-07,0.0838100130714245,7000
"141",5.41272625868286,4.54542323105346,5.0011490159822,5.00114901581668,5.21552914139754,4.90626042831014,0.160234045872561,3.30962251693612e-11,0.0592976675429965,0.867303027629403,1.65519153938476e-10,0.309268713087401,8000
"142",5.49895141396445,5.05207657366214,4.93775013252953,4.93775013288421,5.2642592837361,4.98027487531134,0.0812654643878968,-7.18300730807562e-11,0.0539457487024108,0.446874840302303,-3.5467895287411e-10,0.283984408424761,8000
"143",5.40079694271829,5.15958740663122,5.00648917148149,5.00648895415866,5.3056075812073,5.18320744069822,0.044661841325526,4.3408228060235e-08,0.02306995733017,0.24120953608707,2.17322823736765e-07,0.122400140509079,8000
"144",5.3149697441095,4.09337126608749,5.0353439606126,5.03534391737806,5.24536859981021,4.42098877702793,0.229841097284869,8.58621391714702e-09,0.157163373192135,1.22159847802201,4.32345403922341e-08,0.824379822782277,8000
"145",5.1910631767702,3.91667356282866,4.97843968994107,4.97843942412983,5.0980365102436,4.1637777059215,0.245496841503372,5.33924796202518e-08,0.18325855502307,1.27438961394154,2.65811239685831e-07,0.934258804322098,8000
"146",5.76338124352066,4.61953566238002,5.04045733619686,5.04045722335674,5.29972218442222,4.81865724543446,0.198467797428216,2.23868804736227e-08,0.0907717276957993,1.14384558114064,1.12840115917834e-07,0.48106493898776,8000
"147",5.48078410972908,5.30003037850217,5.0549325503354,5.05493259836466,5.43850721596466,5.39627267096293,0.0329795386222298,-9.50146365473476e-09,0.00776583413877798,0.180753731226914,-4.80292579041475e-08,0.0422345450017287,8000
"148",5.13865478487549,3.99871380165301,5.02803821952051,5.02803845699457,5.23500418568901,4.50965388350674,0.221836459335164,-4.72299624727036e-08,0.138557731083609,1.13994098322248,-2.37474056419273e-07,0.725350302182267,8000
"149",5.45470139522452,4.26092614540366,5.11535379780689,5.11535379854675,5.26395243215304,4.43042833479609,0.218852538998009,-1.44634930466851e-10,0.158345674300865,1.19377524982087,-7.39858840859142e-10,0.83352409735695,8000
"150",5.07252800436471,3.80339793764539,4.99158835646458,4.99158835502067,5.16861051234672,4.21626456137112,0.250196759017847,2.89269688625298e-10,0.184255700579614,1.26913006671932,1.44391520962017e-09,0.9523459509756,8000
"151",5.1715412750939,4.81976300838154,5.08549136879999,5.0854913012671,5.44557093012329,5.3025108669501,0.0680219393020265,1.32795203162458e-08,0.0262709025387616,0.351778266712362,6.75328859500723e-08,0.143060063173182,8000
"152",5.49575029564444,4.6510579738231,4.96675472517473,4.96675489318117,5.17310037926079,4.78517368899136,0.153699181436752,-3.38262009541959e-08,0.0749892060522637,0.84469232182134,-1.68006443423963e-07,0.387926690269431,8000
"153",5.39616595438037,4.29733560417256,4.95639068092663,4.95639058486869,5.33716360908477,4.59610588975547,0.203631682104927,1.93806226724212e-08,0.138848604541164,1.09883035020782,9.60579376041437e-08,0.741057719329304,8000
"154",5.035006762773,4.94375722109236,4.95654413491786,4.95654413469975,5.44026001473934,5.40705364843074,0.0181230226650933,4.40042659583732e-11,0.00610381971056991,0.0912495416806332,2.1810908634734e-10,0.0332063663085913,8000
"155",5.58017035719647,5.4701986517992,5.07182794766521,5.07182800174599,5.43468900116625,5.4004741548207,0.0197075892594293,-1.06629777851671e-08,0.00629564016233679,0.109971705397271,-5.40807887361439e-08,0.0342148463455523,8000
"156",5.39336552373147,4.12513801493339,4.93065682986161,4.93065682989673,5.25840471718944,4.40459445791665,0.235145847841709,-7.12303461021598e-12,0.162370586745014,1.26822750879808,-3.5121239250202e-11,0.853810259272797,8000
"157",5.04109567354734,4.30459230692135,4.97427303520744,4.9742730167531,5.27154575080028,4.86212361451696,0.146099858903833,3.70995777916838e-09,0.0776664294758649,0.73650336662599,1.84543429426753e-08,0.409422136283325,8000
"158",5.3876318722913,5.02694911771744,5.0553005179697,5.05530061095625,5.46840640039725,5.34247077571925,0.0669464364164992,-1.8393873455893e-08,0.0230296754588042,0.360682754573854,-9.2986558009045e-08,0.125935624677997,8000
"159",4.90021111807303,3.85876150402024,5.08578658131983,5.08578654548467,5.32763867728181,4.64992233529144,0.212531580570417,7.04613963249079e-09,0.127207639827433,1.04144961405279,3.58351623930275e-08,0.677716341990364,8000
"160",5.51965154457423,4.30006287412916,5.0180092776826,5.01800927751481,5.09086321381992,4.42013235069995,0.220953924463568,3.34365458097791e-11,0.131751892547254,1.21958867044507,1.67784897087131e-10,0.670730863119968,8000
"161",5.40864007773894,4.62921017497668,5.00729797129109,5.00729797219452,5.22539236912428,4.90235751689715,0.144108295534448,-1.80422877344504e-10,0.061820209738865,0.779429902762264,-9.03431107701635e-10,0.323034852227128,9000
"162",5.05993013864988,3.90041008011559,4.98735448338796,4.98735455321483,5.08876685478097,4.27726361644166,0.229157325647124,-1.40007826392987e-08,0.159469526016286,1.15952005853429,-6.98268660670465e-08,0.811503238339309,9000
"163",5.19648743318668,4.8807052647084,5.05324179183054,5.05324179137888,5.32464487313893,5.19895225230606,0.0607683887507501,8.93807828402429e-11,0.0236058223275985,0.315782168478275,4.51662707234846e-10,0.125692620832876,9000
"164",5.22462521883435,4.99040641591063,4.84509626358305,4.84509634870343,5.20262621579053,5.13343222525106,0.0448297807236739,-1.75683577555465e-08,0.01329981968135,0.234218802923721,-8.51203845186888e-08,0.0691939905394783,9000
"165",5.03083960116163,3.84627193382156,4.92388009168035,4.92388013594187,5.07161278292574,4.18467615807734,0.235461227399608,-8.98915414144682e-09,0.174882559613855,1.18456766734007,-4.4261517118116e-08,0.886936624848401,9000
"166",5.14287613963933,4.01660759140056,5.08989693807007,5.08989693778161,5.21720008691179,4.49368311934544,0.218995853226549,5.66737359986709e-11,0.138679168042914,1.12626854823878,2.88463475328626e-10,0.723516967566344,9000
"167",5.52997352043561,4.41096557069541,4.95152384026263,4.95152402893827,5.288704644311,4.58476291164348,0.202353220246894,-3.81045599250991e-08,0.133102863557477,1.1190079497402,-1.88675636891844e-07,0.703941732667523,9000
"168",5.30024074295427,5.21871722047678,4.96053008581493,4.96053010443147,5.47649565263544,5.45383899139328,0.0153810980351911,-3.75293383478072e-09,0.00413707280699836,0.081523522477494,-1.86165411975026e-08,0.0226566612421628,9000
"169",5.19036545481763,4.79821993001894,4.97252330691522,4.97252353759835,5.27817553866186,5.09828772546601,0.075552584536164,-4.63915619961635e-08,0.0340814381557018,0.392145524798694,-2.30683123270126e-07,0.179887813195842,9000
"170",4.69656194308609,4.23114285524668,4.98193088501873,4.98193092714925,5.25255182460503,5.04080776839318,0.099097828045163,-8.45666550632385e-09,0.0403126067638133,0.465419087839401,-4.21305230702274e-08,0.211744056211852,9000
"171",5.34637341500638,4.41562848357395,4.86122673065814,4.86122685419434,5.05293638731111,4.65550893531942,0.174089024313189,-2.54125577986918e-08,0.0786527716813755,0.930744931432434,-1.23536205265395e-07,0.397427451991695,9000
"172",5.60390228076711,5.20828347371394,5.11416977424935,5.11416977447247,5.25810968561431,5.08466683722547,0.0705970210099762,-4.36283626425556e-11,0.032985779825661,0.395618807053169,-2.23122853526547e-10,0.17344284838885,9000
"173",4.8381434999506,3.84987255755156,4.92634582906406,4.92634574726567,5.03303762830977,4.62366229792532,0.204266562661717,1.66042739285418e-08,0.0813376256282694,0.988270942399039,8.1798395612509e-08,0.409375330384453,9000
"174",5.3969983058745,4.58664864015045,5.03541040568232,5.03541060855096,5.26708663923039,4.88123978345878,0.150148215692786,-4.02884007004575e-08,0.073256219652386,0.810349665724047,-2.02868632115383e-07,0.385846855771609,9000
"175",5.48472918507215,5.25568387309817,5.01860001073057,5.01860004220131,5.21086995031246,5.10878241387173,0.0417605508394785,-6.27082173153615e-09,0.0195912654535926,0.229045311973977,-3.14707460091768e-08,0.10208753644072,9000
"176",5.1217271984645,4.00052604252562,5.02362873884077,5.02362875355385,5.26893581306476,4.73911571391699,0.218910752660747,-2.92877474508066e-09,0.100555428637798,1.12120115593888,-1.47130769789783e-08,0.529820099147771,9000
"177",5.25255553441981,4.32865766013814,5.06500311221873,5.06500311223416,5.1850643932489,4.69608520181357,0.17589492737914,-3.04628351951233e-12,0.0943053266748227,0.92389787428167,-1.54294355070306e-11,0.488979191435329,9000
"178",5.6462362118825,5.16290085615262,4.964464208976,4.96446420818048,5.19466828688838,4.98303214736289,0.08560310578447,1.60241816978856e-10,0.0407410305793096,0.483335355729883,7.95514765172811e-10,0.211636139525489,9000
"179",4.68137346192201,3.89643570627691,4.8946740648595,4.89467397833838,5.09888101333799,4.68746336293775,0.167672535000622,1.76765829360968e-08,0.0806878311778663,0.784937755645102,8.6521112052651e-08,0.411417650400244,9000
"180",5.11867521780052,5.01881902687628,5.03735761213456,5.03735757722032,5.26469923655159,5.23956350529375,0.0195082099713988,6.93106195975964e-09,0.00477439073505387,0.0998561909242479,3.49142377231715e-08,0.0251357312578371,9000
"181",5.25918719767948,4.85774564562923,4.95929133938243,4.95929133236822,5.20729267383525,5.08523074245876,0.0763314818357067,1.41435724935943e-09,0.0234405744063124,0.401441552050253,7.01420965754096e-09,0.12206193137648,10000
"182",5.33613095960355,4.41213039764805,4.99977009560028,4.99977009536779,5.20230869526847,4.69338384367002,0.17315927381665,4.65014758923927e-11,0.0978267306708108,0.924000561955497,2.32496688568062e-10,0.508924851598445,10000
"183",4.68768905585469,3.81338439305665,4.98377354459968,4.9837734956919,5.12912395460197,4.6827755296318,0.186510805725495,9.81340353821705e-09,0.0870223509747117,0.874304662798044,4.8907780936247e-08,0.446348424970174,10000
"184",5.46860210205007,4.55384197147089,5.08443027088869,5.08443026649436,5.19923601903843,4.7171832688496,0.167274947693901,8.64271729717276e-10,0.0927160737507701,0.914760130579181,4.39432934484785e-09,0.482052750188827,10000
"185",5.55844805817323,4.51640578372751,5.05678380750423,5.05678392775583,5.29457101436832,4.81672480830368,0.187470003054806,-2.37802520632184e-08,0.0902521100893479,1.04204227444572,-1.20251593571652e-07,0.47784620606464,10000
"186",4.86656899466327,3.72900648925201,5.01073306143381,5.0107330691275,5.20420613528852,4.42574209752858,0.233750411564846,-1.53544114088873e-09,0.149583628611741,1.13756250541126,-7.69368568853679e-09,0.778464037759943,10000
"187",5.05549853352912,3.87677338454898,4.91981223573217,4.91981223556498,5.14081183404807,4.31394985770789,0.233157054870571,3.39833282027459e-11,0.160842684586079,1.17872514898014,1.67191593902771e-10,0.826861976340174,10000
"188",5.2193815626816,4.1172892074483,5.03108267214532,5.03108270055771,5.08833626150248,4.29864112485621,0.211153820045123,-5.647371585497e-09,0.155197120642552,1.1020923552333,-2.84123933269598e-08,0.789695136646272,10000
"189",5.1017501125753,3.98196780136126,4.9598201293002,4.95982012916914,5.16400864986357,4.38320648792796,0.219489839075789,2.64242662423813e-11,0.151200785063797,1.11978231121404,1.3105960761095e-10,0.780802161935608,10000
"190",5.03183736860307,4.22273479591384,5.08453643438367,5.0845364319078,5.20832681589034,4.7133492353074,0.160796646119319,4.86941006189527e-10,0.0950358143949011,0.809102572689235,2.4758692873661e-09,0.49497758058294,10000
"191",5.46175533488061,5.18013200631964,5.08183578547722,5.08183590273562,5.29096784564002,5.18702995497901,0.0515627872897249,-2.30740247645999e-08,0.0196444003617712,0.281623328560969,-1.17258404763732e-07,0.103937890661011,10000
"192",5.21565276267204,4.13935302468482,5.01933956943686,5.0193395688307,5.14181465377674,4.40832551983272,0.206359546342925,1.20763389918545e-10,0.142651803562242,1.07629973798723,6.06152461557485e-10,0.733489133944015,10000
"193",4.99026742648446,3.92796827639505,4.99518845800544,4.99518845819028,5.12274540194222,4.48824259920412,0.212874192764008,-3.7003904259672e-11,0.123859913572426,1.0622991500894,-1.84841475459052e-10,0.634502802738106,10000
"194",5.02540014342069,4.93482284082628,5.07917428203894,5.07917427129982,5.38074733519664,5.35239124799075,0.0180238985970098,2.11434415986676e-09,0.0052699161360737,0.0905773025944132,1.07391224801745e-08,0.0283560872058883,10000
"195",5.66012891808657,4.61775612125761,5.12918435044081,5.12918434987899,5.47276267151475,4.70917202245991,0.184160610458558,1.09533969834461e-10,0.139525628076156,1.04237279682896,5.61819923916573e-10,0.763590649054835,10000
"196",5.38704684932692,4.26160416856423,5.03869850868678,5.03869845722375,5.06726473980327,4.34624191627276,0.208916445733771,1.02135561778448e-08,0.142290340164564,1.12544268076269,5.14630302816954e-08,0.72102282353051,10000
"197",4.95504603271253,4.67320502440742,4.9531558532652,4.95315584708617,5.22174994063211,5.1004543216018,0.0568795943457299,1.24749403812616e-09,0.023228921417026,0.281841008305107,6.17903239685802e-09,0.121295619030303,10000
"198",5.05752503519266,3.87543374978919,4.98804167590378,4.98804167542323,5.16158524478651,4.56069270438582,0.233729200978327,9.63412686326843e-11,0.11641627753947,1.18209128540347,4.80554263049271e-10,0.600892540400698,10000
"199",5.03422760072219,4.64622896521649,4.89442741304076,4.89442740854521,5.17320199161761,5.02184093546615,0.077072128294328,9.18502434226248e-10,0.0292586789374784,0.387998635505708,4.49554349302161e-09,0.151361056151464,10000
"200",5.18556027181081,4.27777937664533,4.95968835042353,4.95968834978657,5.2203081446684,4.76684293835251,0.175059366313852,1.2842720853426e-10,0.0868656013685753,0.907780895165489,6.36958930044784e-10,0.453465206315892,10000
